DSO_NAME;
HCG 1
HCG 2
HCG 3
HCG 4
HCG 5
HCG 6
HCG 7
HCG 8
HCG 9
HCG 10
HCG 11
HCG 12
HCG 13
HCG 14
HCG 15
HCG 16
HCG 17
HCG 18
HCG 19
HCG 20
HCG 21
HCG 22
HCG 23
HCG 24
HCG 25
HCG 26
HCG 27
HCG 28
HCG 29
HCG 30
HCG 31
HCG 32
HCG 33
HCG 34
HCG 35
HCG 36
HCG 37
HCG 38
HCG 39
HCG 40
HCG 41
HCG 42
HCG 43
HCG 44
HCG 45
HCG 46
HCG 47
HCG 48
HCG 49
HCG 50
HCG 51
HCG 52
HCG 53
HCG 54
HCG 55
HCG 56
HCG 57
HCG 58
HCG 59
HCG 60
HCG 61
HCG 62
HCG 63
HCG 64
HCG 65
HCG 66
HCG 67
HCG 68
HCG 69
HCG 70
HCG 71
HCG 72
HCG 73
HCG 74
HCG 75
HCG 76
HCG 77
HCG 78
HCG 79
HCG 80
HCG 81
HCG 82
HCG 83
HCG 84
HCG 85
HCG 86
HCG 87
HCG 88
HCG 89
HCG 90
HCG 91
HCG 92
HCG 93
HCG 94
HCG 95
HCG 96
HCG 97
HCG 98
HCG 99
HCG 100
